,type,2nd type,3rd type,Source Notes (things to know?),
100percentfedup.com,bias,,,,
365usanews.com,bias,conspiracy,,,
4threvolutionarywar.wordpress.com,bias,conspiracy,,,
aheadoftheherd.com,bias,,,"false quotes regarding banking, heavily promotes businesses advertising on site/ buying of precious metals",
americablog.com,bias,clickbait,,domain for sale,
americanlookout.com,bias,clickbait,,,
americanpatriotdaily.com,bias,clickbait,bias,,
americanthinker.com,bias, ,,"sites both reliable/not reliable sources, mix of opinion/'fact'",
americasfreedomfighters.com,bias,clickbait,,,
AmmoLand.com,bias,,, ,
anotherdayintheempire.com,bias,conspiracy,,,
antiwar.com,bias,unreliable,,site is biased but very open about bias and source,
antoniusaquinas.wp.com,bias,conspiracy,,,
bignuggetnews.com,bias,rumor,,,
BrotherJohnF.com,bias,conspiracy,,,
centerforsecuritypolicy.org,bias,conspiracy,,http://www.bbc.com/news/world-us-canada-35037943 ; ,
charismanews.com,bias,,,"minimal factual reporting despite being ""news'",
citizensunited.org,bias,,,loaded language etc.,
conservapedia.com,bias, , ,,
conservativefiringline.com,bias,conspiracy,clickbait,,
conservativehq.com,bias,,,http://conservativehq.com/article/24945-f-bomb-opposition-president-trump,
conservativepapers.com,bias,,,"incorrect/uncited data, citing other sources labeled as bias",
conservativespirit.com,bias,fake,,,
conservativestate.com,bias,,,"links to other borderline fake, but mostly just propagandistic websites",
conservativetribune.com,bias,conspiracy,unreliable,,
countercurrentnews.com,bias,,,,
counterjihad.com,bias,,,,
cowgernation.com,bias,conspiracy,,,
dailynewsbin.com,bias,clickbait,,,
dailypoliticsusa.com,bias,,,,
dailysignal.com,bias,,,,
dailytelegraph.com.au,bias,rumor,,australian tabloid mag,
dailywire.com,bias,,,,
darkpolitricks.com,bias,conspiracy,,,
DeadlyClear.wordpress.com,bias,fake news,,"Not a personal website, owned by Project Maui, Inc. Makes unverifiable extraordinary claims, seems to be advertising for lawyers with a history of legal reprimands.",
debunkingskeptics.com,bias,conspiracy,,Science doesn't mean what they think it means,
defenddemocracy.press,bias,political,,"editorial board as stated on about us seem to be legitimate academics, and originally authored content byline are academics, although not able to find a clear link between edu pages and these authors' work on this website. Many 3rd party articles are linked, sources provided. These articles are aggregated from other more clearly biased sites i.e. world socialist web site (wswg.org), rt.com, sputniknews.com.",
DollarVigilante.com,bias,,,anarcho-capitalist blog,
EagleRising.com,bias,clickbait,,,
elelephantintheroom.blogspot.com,bias,,,,
endingthefed.com,bias, ,,,
endtime.com,bias,clickbait,Political,Not sure about this one. zany religious prophecy/not really conspiracy,"I would classify this as ""religious clickbait,"" with all of its reporting coming through a fundamentalist Christian filter-- thus the ""extreme bias."""
extraclubmagazine.com,bias,clickbait,fake,vacillates between outright fake and misleading stories,
federalistpress.com,bias,,,,
firearmscoalition.org,bias,blog,,"A single-issue blog, it hasn't been updated since August 2016. It talks about guns, has lots of dead links, and has trouble distinguishing between legitimate and illegitimate sources.",
freakoutnation.com,bias,,,,
FreeBeacon.com,bias,,,,
FreedomsPhoenix.com,bias,conspiracy,,,
freedomworldnews.com,bias,unreliable,,,
frontpagemag.com,bias,hate,,Part of David Horowitz' Freedom Center,
gulagbound.com,bias, ,,,
heartland.org,bias,,,http://www.sourcewatch.org/index.php/Heartland_Institute,
heresyblog.net,bias,conspiracy,rumor,,
horowitzfreedomcenter.org,bias,,,,
ihavethetruth.com,bias,clickbait,fake,,
ilovemyfreedom.org,bias,clickbait,,,
informetoday.com,bias,unreliable,,,
instaworldnews.com,bias,,,,
intrepidreport.com,bias,,,,
investmentwatchblog.com,bias,fake,,,
jamesrgrangerjr.com,bias,,,,
journal-neo.org,bias,,,,
katehon.com,bias,,,,
lewrockwell.com,bias,unreliable,political,,
libertyunyielding.com,bias,,,,
lifeandabout.com,bias,,,,
lifenews.com,bias,clickbait,,,
liveactionnews.org,bias,,,,
makeamericagreattoday.com,bias,fake,,,
meanlefthook.com,bias,clickbait,,,
molonlabemedia.com,bias,conspiracy,,,
moonofalabama.org,bias,,,,
newslogue.com,bias,fake,,,
newsninja2012.com,bias, ,,,
oathkeepers.org,bias,,,https://www.splcenter.org/fighting-hate/extremist-files/group/oath-keepers,
occupyliberals.com,bias,clickbait,,,
off-guardian.org,bias,conspiracy,,,
oftwominds.com,bias,conspiracy,,,
openmindmagazine.com,bias,conspiracy,,,
orientalreview.org,bias,conspiracy,,,
palmerreport.com,bias,,,,
patdollar.com,bias,clickbait,,,
patriotchronicle.com,bias,clickbait,,,
patriotnewsdaily.com,bias,,,,
patriotpost.us,bias, ,,https://mediabiasfactcheck.com/the-patriot-post/ ; https://patriotpost.us/posts/48002 ; https://patriotpost.us/alexander/48000,
patriotrising.com,bias,conspiracy,,,
patriotupdate.com,bias,conspiracy,,,
paulcraigroberts.org,bias,conspiracy,,ex: http://www.paulcraigroberts.org/2016/12/10/has-liberty-departed-from-america-paul-craig-roberts/ ,
platosguns.com,bias,conspiracy,bias,,
politicalcult.com,bias,clickbait,conspiracy,,
pravda.ru,bias,rumor,conspiracy,,
pravdareport.com,bias,rumor,conspiracy,redirects to pravda.ru,
presstv.com,bias,unreliable,,,
presstv.ir,bias,unreliable,,redirects to presstv.com,
progressivestoday.com,bias,,,https://mediabiasfactcheck.com/progressives-today/,
projectveritas.com,bias,unreliable,political,,
qpolitical.com,bias,clickbait,junksci,,
readconservatives.news,bias,fake,clickbait,,
reagancoalition.com,bias,fake,clickbait,,
realtimepolitics.com,bias,unreliable,,,
redflagnews.com,bias,conspiracy,unreliable,,
redstatewatcher.com,bias,clickbait,,,
regated.com,bias,,,,
rightalert.com,bias,unreliable,,,
rightwingnews.com,bias,unreliable,,,
russia-insider.com,bias,clickbait,,,
SJLendman.Blogspot.com,bias,,,,
sputniknews.com,bias,state,fake,,
thefederalistpapers.org,bias,conspiracy, ,,
thegatewaypundit.com,bias,conspiracy,unreliable,,
thenewamerican.com,bias,,,,
thenewsdoctors.com,bias,,,,
therealstrategy.com,bias,conspiracy,hate,black lives matter content spews a lot of racist info,
thewatchtowers.com,bias,conspiracy,clickbait,,
truepundit.com,bias,clickbait,,,
truthandaction.org,bias,conspiracy,clickbait,,
truthkings.com,bias,conspiracy,junksci,,
truthrevolt.org,bias,hate,,,
unclesamsmisguidedchildren.com,bias,,,,
unz.com,bias,,,,
usapoliticstoday.com,bias,unreliable,,,
USAWatchdog.com,bias,,,,
uschronicle.com,bias,conspiracy,hate,,
usherald.com,bias,conspiracy,fake,,
vdare.com,bias,hate,,,
veteranstoday.com,bias,unreliable,,,
washingtonsblog.com,bias,conspiracy,satire,Site notes it sometimes contains parody,
wearechange.org,bias,conspiracy,,,
westernjournalism.com,bias,clickbait,,,
winningdemocrats.com,bias,unreliable, ,,
wnd.com,bias,clickbait,unreliable,,
worldnewspolitics.com,bias,,,,
Youngcons.com,bias,unreliable,,,
addictinginfo.org,clickbait,unreliable,,,
amplifyingglass.com,clickbait,satire,,,
amusmentic.com,clickbait,rumor,,,
automotostar.com,clickbait,,,,
bients.com,clickbait,,,,
bigbluevision.org,clickbait,bias,,,
bipartisanreport.com,clickbait,bias,,,
blacklistednews.com,clickbait,unreliable,,,
bluenationreview.com,clickbait,unreliable,,,
breaking911.com,clickbait,unreliable,,,
chicksontheright.com,clickbait,bias,,,
educateinspirechange.org/health,clickbait,junksci,,,
elitereaders.com,clickbait,,,,
heatst.com,clickbait,bias,,,
indiaarising.com,clickbait,unreliable,,,
liberalamerica.org,clickbait,bias,,,
libertywritersnews.com,clickbait,bias,unreliable,,
lifesitenews.com,clickbait,bias,,,
lifezette.com,clickbait,,,,
livevote.com,clickbait,,,,
lovethispic.com,clickbait,junksci,,,
notallowedto.com,clickbait,fake,,,
nymeta.co,clickbait,satire,,Entertainment website ,
occupydemocrats.com,clickbait,bias,unreliable,,
other98.com,clickbait,bias,unreliable,,
politicususa.com,clickbait,unreliable,,,
remedydaily.com,clickbait, ,,,
topinfopost.com,clickbait,unreliable,conspiracy,,
TrueActivist.com,clickbait,unreliable,,,
twitchy.com,clickbait,rumor,,,
uslifetoday.com,clickbait,,,doesn't appear to be currently updated,
usuncut.com,clickbait,bias,unreliable,,
viraltube.nl,clickbait,,,,
yournationnews.com,clickbait,,,,
yournewswire.com,clickbait,junksci,,,
21stcenturywire.com,conspiracy,,,,
82.221.129.208,conspiracy,fake,, ,
abeldanger.net,conspiracy,,,,
abovetopsecret.com,conspiracy,rumor,,,
activistpost.com,conspiracy,,,,
Alt-Market.com,conspiracy,bias, ,,
americanfreepress.net,conspiracy,bias,,,
americanreviewer.com,conspiracy,,,,
angrypatriotmovement.com,conspiracy,fake,,,
assassinationscience.com,conspiracy,junksci,,,
awarenessact.com,conspiracy,junksci,,,
awdnews.com,conspiracy,,,twitter account deleted?,
BB4SP.com,conspiracy,bias,fake,,
blackgenocide.org,conspiracy,bias,hate,,
BullionBullsCanada.com,conspiracy,,,"The ""one"" bank",
canadafreepress.com,conspiracy,bias, ,,
concisepolitics.com,conspiracy,hate,,,
conservativerefocus.com,conspiracy,,,,
conspiracyplanet.com,conspiracy,,,,
conspiracywire.com,conspiracy,,,,
corbettreport.com,conspiracy,bias,,,
corbettreport.com,conspiracy,,,,
countdowntozerotime.com,conspiracy, ,,,
counterpsyops.com,conspiracy,,,,
cryptogon.com,conspiracy,unreliable,,copy-pasted commentary from various news & 'news' sources,
dailyoccupation.com,conspiracy,bias,,,
dataasylum.com,conspiracy,junksci,,,
davidwolfe.com,conspiracy,,,,
dcclothesline.com,conspiracy,junksci,,,
disclosuremedia.net,conspiracy,,,,
Dont-Tread-On.Me,conspiracy,,,doesn't seem to be updating anymore,
Dutchsinse.com,conspiracy,,,weather control,
EbolaHoax.com,conspiracy,,,domain for sale,
educate-yourself.org,conspiracy,junksci,,,
electionnightgatekeepers.com,conspiracy,unreliable,,,
endoftheamericandream.com,Conspiracy,Fake,Political,Traffics in religious conspiracy theories and poorly sourced pro-Trump propaganda,
Expose1933.com,conspiracy,hate,,"references to ""white genocide"" and ""race mixing""",
eyeopening.info,conspiracy,junksci,,,
familysecuritymatters.org,conspiracy,bias,,,
fellowshipoftheminds.com,conspiracy,junksci,,,
fourwinds10.net,conspiracy,junksci,,,
fprnradio.com,conspiracy,fake,,,
FreedomForceInternational.com,conspiracy,,,global warming denial,
freedomoutpost.com,conspiracy,bias, ,,
fromthetrenchesworldreport.com,conspiracy,junksci,bias,,
gaia.com,conspiracy,junksci,,,
gangstergovernment.com,conspiracy,bias,,,
globalresearch.ca,conspiracy,,,,
godlikeproductions.com,conspiracy,,,,
govtslaves.info,conspiracy,,,,
greanvillepost.com,conspiracy,,, ,
hangthebankers.com,conspiracy, ,,,
henrymakow.com,conspiracy, ,,,
humansarefree.com,conspiracy,,,,
illuminati-news.com,conspiracy,,,,
infiniteunknown.net,conspiracy,,,"""9/11 was an inside job""",
informationclearinghouse.info,conspiracy,unreliable,,,
infowars.com,conspiracy,,,,
intellihub.com,conspiracy,unreliable,,,
investmentresearchdynamics.com,conspiracy,,,,
ITCCS.org,conspiracy,,,,
jesus-is-savior.com,conspiracy,,,,
jihadwatch.org,conspiracy,hate,,,
jonesreport.com,conspiracy,,,,
knowledgeoftoday.org,conspiracy,,,http://www.knowledgeoftoday.org/2012/02/illuminati-secret-hidden-from-masses.html,
libertymovementradio.com,conspiracy,,,,
libertytalk.fm,conspiracy,,,,
libertyvideos.org,conspiracy,,,,
militianews.com,conspiracy,bias,hate,,
nasamoonhoax.com,conspiracy,,,,
NationalUFOCenter.com,conspiracy,,,,
nationindistress.weebly.com,conspiracy,,,,
neonnettle.com,conspiracy,fake,bias,http://www.neonnettle.com/features/732-pizzagate-worldwide-pedophile-ring-bust-begins-media-remains-silent-,
newstarget.com,conspiracy,,,,
nodisinfo.com,conspiracy,unreliable,,,
NoMoreFakeNews.com,conspiracy,,,,
nowtheendbegins.com,conspiracy,,,,
OffGridSurvival.com,conspiracy,bias,,http://offgridsurvival.com/shadowgovernmentwars/,
oilgeopolitics.net,conspiracy,,,,
pamelageller.com,conspiracy,fake,bias,,
politicalblindspot.com,conspiracy,junksci,,ex: vaccines are a way for the CIA to spy on us,
prepperwebsite.com,conspiracy,fake,,,
prisonplanet.com,conspiracy,,,,
prisonplanet.com,conspiracy,,,,
prisonplanet.tv,conspiracy,,,,
rense.com,conspiracy,junksci,,,
rumormillnews.com,conspiracy,junksci,rumor,,
secretsofthefed.com,conspiracy,junksci,,,
sentinelblog.com,conspiracy,junksci,,,
sheepkillers.com,conspiracy,junksci,,,
shoebat.com,conspiracy,bias,,,
Silver-Coin-Investor. com,conspiracy,bias,unreliable,,
SilverBearCafe.com,conspiracy,,,,
SilverDoctors.com,conspiracy,bias,,,
SilverStealers.net,conspiracy,,,,
skeptiko.com,conspiracy,junksci,,,
sonsoflibertyradio.com,conspiracy,bias, unreliable,,
thedailysheeple.com,conspiracy,bias,,,
theeconomiccollapseblog.com,conspiracy,bias,,,
theeventchronicle.com,conspiracy,junksci,clickbait,,
TheExtinctionProtocol.com,conspiracy,,,,
theforbiddenknowledge.com,conspiracy,junksci,,,
thelibertybeacon.com,conspiracy,junksci,bias,,
themindunleashed.com,conspiracy,junksci,clickbait,,
themindunleashed.org,conspiracy,junksci,clickbait,,
thephaser.com,conspiracy,,,,
thepoliticalinsider.com,conspiracy,bias,unreliable,,
truthbroadcastnetwork.com,conspiracy,clickbait,,,
truthfrequencyradio.com,conspiracy, ,,,
ufoholic.com,conspiracy,,,,
wakeupthesheep.com,conspiracy,,,,
wakingupwisconsin.com,conspiracy, ,,,
weshapelife.org,conspiracy,junksci,,,
whatdoesitmean.com,conspiracy,,,,
whatreallyhappened.com,conspiracy,rumor,,,
whowhatwhy.org,conspiracy,,,9/11 = FBI coverup,
wikispooks.com,conspiracy,,,,
Willyloman.wordpress.com,conspiracy,,,,
worldtruth.tv,conspiracy,junksci,,,
X22Report.com,conspiracy,,,website down,
zerohedge.com,conspiracy,,,,
zootfeed.com,conspiracy,,,,
16wmpo.com,fake,,,http://www.politifact.com/punditfact/article/2017/apr/20/politifacts-guide-fake-news-websites-and-what-they/,
24newsflash.com,fake,,,,
24wpn.com,fake, ,,http://www.politifact.com/punditfact/article/2017/apr/20/politifacts-guide-fake-news-websites-and-what-they/,
70news.wordpress.com,fake,,,,
abcnews.com.co,fake,,,,
abcnewsgo.co,fake,,,,
alternativemediasyndicate.com,fake,,,http://alternativemediasyndicate.com/2017/02/02/police-raid-standing-rock-camp-destroy-tipis-burning-remains/,
americannews.com,fake,,,,
americanoverlook.com,fake,,,,
americanpoliticnews.co,fake,,,http://www.politifact.com/punditfact/article/2017/apr/20/politifacts-guide-fake-news-websites-and-what-they/,
americanpresident.co,fake,,,http://www.politifact.com/punditfact/article/2017/apr/20/politifacts-guide-fake-news-websites-and-what-they/,
Amposts.com,fake,,,http://www.politifact.com/punditfact/article/2017/apr/20/politifacts-guide-fake-news-websites-and-what-they/,
anews24.org/,fake,,,http://www.politifact.com/punditfact/article/2017/apr/20/politifacts-guide-fake-news-websites-and-what-they/,
anonjekloy.tk,fake,,,http://www.politifact.com/punditfact/article/2017/apr/20/politifacts-guide-fake-news-websites-and-what-they/,
aurora-news.us,fake,,,http://www.politifact.com/punditfact/article/2017/apr/20/politifacts-guide-fake-news-websites-and-what-they/,
beforeitsnews.com,fake,conspiracy,rumor,,
bighairynews.com,fake,conspiracy,,,
blackinusrancenews.com,fake,unreliable,,http://www.politifact.com/punditfact/article/2017/apr/20/politifacts-guide-fake-news-websites-and-what-they/,
bostonleader.com,fake,,,,
buzzfeedusa.com,fake,rumor,,,
cannasos.com,fake,unreliable,,http://www.politifact.com/punditfact/article/2017/apr/20/politifacts-guide-fake-news-websites-and-what-they/,
cap-news.com,fake, ,,,
cbsnews.com.co,fake,,,,
channel-7-news.com,fake,,,,
channel18news.com,fake,,,http://www.politifact.com/punditfact/article/2017/apr/20/politifacts-guide-fake-news-websites-and-what-they/,
cityworldnews.com,fake,,,,
civictribune.com,fake,,,,
clashdaily.com,fake,conspiracy,bias,,
cnnews3.com,fake,,,http://www.politifact.com/punditfact/article/2017/apr/20/politifacts-guide-fake-news-websites-and-what-they/,
coed.com,fake,unreliable,,http://www.politifact.com/punditfact/article/2017/apr/20/politifacts-guide-fake-news-websites-and-what-they/,
conservativebyte.com,fake,bias,,,
conservativedailypost.com,fake,unreliable,,This website is a weird mix of outright fake news and some stuff that looks more reliable. ,
conservativefighters.com,fake,,,,
conservativeflashnews.com,fake,,,http://www.politifact.com/punditfact/article/2017/apr/20/politifacts-guide-fake-news-websites-and-what-they/,
conservativeinfidel.com,fake,conspiracy,,,
dailybuzzlive.com,fake,,,,
dailyheadlines.com,fake, ,,,
dailyheadlines.net,fake, ,,,
dailyinfobox.com,fake,,,http://www.politifact.com/punditfact/article/2017/apr/20/politifacts-guide-fake-news-websites-and-what-they/,
dailynews10.com,fake,,,http://www.politifact.com/punditfact/article/2017/apr/20/politifacts-guide-fake-news-websites-and-what-they/,
dailynews5.com,fake,,,http://www.politifact.com/punditfact/article/2017/apr/20/politifacts-guide-fake-news-websites-and-what-they/,
dailynewsposts.info,fake,,,http://www.politifact.com/punditfact/article/2017/apr/20/politifacts-guide-fake-news-websites-and-what-they/,
dailysurge.com,fake,,,http://www.politifact.com/punditfact/article/2017/apr/20/politifacts-guide-fake-news-websites-and-what-they/,
dailyusaupdate.com,fake,,,http://www.politifact.com/punditfact/article/2017/apr/20/politifacts-guide-fake-news-websites-and-what-they/,
damnleaks.com,fake,,,http://www.politifact.com/punditfact/article/2017/apr/20/politifacts-guide-fake-news-websites-and-what-they/,
dcgazette.com,fake,,,,
ddemocraticunderground.com,fake,,,http://www.politifact.com/punditfact/article/2017/apr/20/politifacts-guide-fake-news-websites-and-what-they/,
denverguardian.com,fake,,,,
departed.co,fake,,,redirects to dcposts.com ,
departedmedia.com,fake,,,http://www.politifact.com/punditfact/article/2017/apr/20/politifacts-guide-fake-news-websites-and-what-they/,
DIYhours.net,fake,,,http://www.politifact.com/punditfact/article/2017/apr/20/politifacts-guide-fake-news-websites-and-what-they/,
donaldtrumpnews.co,fake,,,,
DonaldTrumpPotus45.com,fake,,,http://www.politifact.com/punditfact/article/2017/apr/20/politifacts-guide-fake-news-websites-and-what-they/,
downtrend.com,fake,satire,,,
drudgereport.com.co,fake,,,,
embols.com,fake,,,,
Empirehearland.com,fake,,,http://www.politifact.com/punditfact/article/2017/apr/20/politifacts-guide-fake-news-websites-and-what-they/,
empireherald.com,fake,satire,,,
empirenews.net,fake,satire,,,
empirenews.net,fake,,,http://www.politifact.com/punditfact/article/2017/apr/20/politifacts-guide-fake-news-websites-and-what-they/,
en-vovle.com,fake,,,http://www.politifact.com/punditfact/article/2017/apr/20/politifacts-guide-fake-news-websites-and-what-they/,
enabon.com,fake,,,"No authors, no contact, just copy/pasted from other questionable sites",
enduringvision.com,fake,,,,
enhlive.com,fake,,,http://www.politifact.com/punditfact/article/2017/apr/20/politifacts-guide-fake-news-websites-and-what-they/,
eutopia.buzz,fake,satire,conspiracy,,
fakingnews.com,fake,satire,,fiction disclaimer on bottom of home screen ,
fedsalert.com,fake,,,http://www.politifact.com/punditfact/article/2017/apr/20/politifacts-guide-fake-news-websites-and-what-they/,
flashnewscorner.com,fake,,,http://www.politifact.com/punditfact/article/2017/apr/20/politifacts-guide-fake-news-websites-and-what-they/,
floridasunpost.com,fake,satirical,,I concur: http://mashable.com/2016/10/03/fake-news-story-man-marries-granddaughter/#QvpAzP.e8Oqb ,
freedomdaily.com,fake,,,,
freshdailyreport.com,fake,,,http://www.politifact.com/punditfact/article/2017/apr/20/politifacts-guide-fake-news-websites-and-what-they/,
givemeliberity01.com,fake,,,http://www.politifact.com/punditfact/article/2017/apr/20/politifacts-guide-fake-news-websites-and-what-they/,
globalpoliticsnow.com,fake,,,http://www.politifact.com/punditfact/article/2017/apr/20/politifacts-guide-fake-news-websites-and-what-they/,
goneleft.com,fake,,,,
gopthedailydose.com,fake,conspiracy,bias,,
gummypost.com,fake,,,http://www.politifact.com/punditfact/article/2017/apr/20/politifacts-guide-fake-news-websites-and-what-they/,
healthycareandbeauty.com,fake,unreliable,,http://www.politifact.com/punditfact/article/2017/apr/20/politifacts-guide-fake-news-websites-and-what-they/,
healthyworldhouse.com,fake,,,http://www.politifact.com/punditfact/article/2017/apr/20/politifacts-guide-fake-news-websites-and-what-they/,
immediatesafety.org,fake,,,https://immediatesafety.org/dnc-to-hand-debbie-wasserman-schultz-over-to-isis-for-beheadding/,
infostormer.com,fake,hate,conspiracy,,
interestingdailynews.com,fake,,,http://www.politifact.com/punditfact/article/2017/apr/20/politifacts-guide-fake-news-websites-and-what-they/,
intrendtoday.com,fake,clickbait,,,
itaglive.com,fake,,,,
ItMakesSenseBlog.com,fake,,,,
iwanttoexplore.com,fake,,,mostly turned back into car website,
KMT11.com,fake,,,http://www.politifact.com/punditfact/article/2017/apr/20/politifacts-guide-fake-news-websites-and-what-they/,
konkonsagh.biz,fake,,,http://www.politifact.com/punditfact/article/2017/apr/20/politifacts-guide-fake-news-websites-and-what-they/,
krbcnews.com,fake,,,,
ky12news.com,fake,,,http://www.politifact.com/punditfact/article/2017/apr/20/politifacts-guide-fake-news-websites-and-what-they/,
ladylibertynews.com,fake,,,http://www.politifact.com/punditfact/article/2017/apr/20/politifacts-guide-fake-news-websites-and-what-they/,
lastdeplorables.com,fake,,,http://www.politifact.com/punditfact/article/2017/apr/20/politifacts-guide-fake-news-websites-and-what-they/,
learnprogress.org,fake,bias,,http://www.learnprogress.org/white-house-website-sell-jewelry/,
liberalplug.com,fake,,,http://www.politifact.com/punditfact/article/2017/apr/20/politifacts-guide-fake-news-websites-and-what-they/,
libertyalliance.com,fake,,,http://www.politifact.com/punditfact/article/2017/apr/20/politifacts-guide-fake-news-websites-and-what-they/,
libertyblitzkrieg.com,fake,,,,
local31news.com,fake,,,http://www.politifact.com/punditfact/article/2017/apr/20/politifacts-guide-fake-news-websites-and-what-they/,
madworldnews.com,fake,,,http://www.politifact.com/punditfact/article/2017/apr/20/politifacts-guide-fake-news-websites-and-what-they/,
maganews.co,fake,,,,
majorthoughts.com,fake,,,http://www.politifact.com/punditfact/article/2017/apr/20/politifacts-guide-fake-news-websites-and-what-they/,
mediamass.net,fake,,,,
megynkelly.us,fake,,,,
mentor2day.com,fake,,,http://www.politifact.com/punditfact/article/2017/apr/20/politifacts-guide-fake-news-websites-and-what-they/,
metropolitanworlds.com,fake,,,http://www.politifact.com/punditfact/article/2017/apr/20/politifacts-guide-fake-news-websites-and-what-they/,
mpidailymagazine.com,fake,bias,,,
mrconservative.com,fake,satire,,,
msnbc.website,fake,,,,
myfreshnews.com,fake,bias,,found linked from iwanttoexplore.com,
myzonetoday.com,fake,bias,,,
nationonenews.com,fake,conspiracy,,,
nbc.com.co,fake,,,,
nephef.com,fake,,,http://www.politifact.com/punditfact/article/2017/apr/20/politifacts-guide-fake-news-websites-and-what-they/,
newpoliticstoday.com,fake,,,http://www.politifact.com/punditfact/article/2017/apr/20/politifacts-guide-fake-news-websites-and-what-they/,
news4ktla.com,fake,satire,,,
newsbbc.net,fake,,,,
newsbreakshere.com,fake,,,http://www.politifact.com/punditfact/article/2017/apr/20/politifacts-guide-fake-news-websites-and-what-they/,
newsbysquad.com,fake,,,http://www.politifact.com/punditfact/article/2017/apr/20/politifacts-guide-fake-news-websites-and-what-they/,
newsdaily12.com,fake,,,http://www.politifact.com/punditfact/article/2017/apr/20/politifacts-guide-fake-news-websites-and-what-they/,
newsexaminer.net,fake,satire, ,,
newsfrompolitics.com,fake,,,,
newsleak.co,fake,,,http://www.politifact.com/punditfact/article/2017/apr/20/politifacts-guide-fake-news-websites-and-what-they/,
newslo.com,fake,,,redirects to http://politicops.com/ (12/2),
newsmagazine.com,fake,,,http://www.politifact.com/punditfact/article/2017/apr/20/politifacts-guide-fake-news-websites-and-what-they/,
newswatch28.com,fake,,,,
newswatch33.com,fake,,,,
newswithviews.com,fake,conspiracy,,,
now8news.com,fake,,,,
onepoliticalplaza.com,fake,,,http://www.politifact.com/punditfact/article/2017/apr/20/politifacts-guide-fake-news-websites-and-what-they/,
onlineconservativepress.com,fake,conspiracy,bias,,
openmagazines.com,fake,,,http://www.politifact.com/punditfact/article/2017/apr/20/politifacts-guide-fake-news-websites-and-what-they/,
pakalertpress.com,fake,,,,
politicalo.com,fake, ,,,
politicalsitenews.com,fake,,, ,
politicalupdator.com,fake,clickbait,bias,,
politicono.com,fake,,,http://www.politifact.com/punditfact/article/2017/apr/20/politifacts-guide-fake-news-websites-and-what-they/,
politicsusanews.com,fake,,,http://www.politifact.com/punditfact/article/2017/apr/20/politifacts-guide-fake-news-websites-and-what-they/,
president45donaldtrump.com,fake,,,http://www.politifact.com/punditfact/article/2017/apr/20/politifacts-guide-fake-news-websites-and-what-they/,
prntly.com,fake,,,,
proamericanews.com,fake,,,,
proudcons.com,fake,bias,,,
react365.com,fake,,,fake news generator for pranking friends,
realnewsrightnow.com,fake,satire,,,
redcountry.us,fake,,,http://www.politifact.com/punditfact/article/2017/apr/20/politifacts-guide-fake-news-websites-and-what-they/,
redrocktribune.com,fake,,,http://www.politifact.com/punditfact/article/2017/apr/20/politifacts-guide-fake-news-websites-and-what-they/,
religionmind.com,fake,,,http://www.politifact.com/punditfact/article/2017/apr/20/politifacts-guide-fake-news-websites-and-what-they/,
rhotv.com,fake,,,,
rickwells.us,fake,conspiracy,,,
rilenews.com,fake,satire,,,
rogue-nation3.com,fake,,,http://www.politifact.com/punditfact/article/2017/apr/20/politifacts-guide-fake-news-websites-and-what-they/,
rumorjournal.com,fake,,,http://www.politifact.com/punditfact/article/2017/apr/20/politifacts-guide-fake-news-websites-and-what-they/,
smag31.com,fake,unreliable,,http://www.politifact.com/punditfact/article/2017/apr/20/politifacts-guide-fake-news-websites-and-what-they/,
socialeverythings.com,fake,,,http://www.politifact.com/punditfact/article/2017/apr/20/politifacts-guide-fake-news-websites-and-what-they/,
stormcloudsgathering.com,fake,,,,
subjectpolitics.com,fake,bias,,,
success-street.com,fake,clickbait,,http://success-street.com/2017/01/18/wow-obama-orders-life-sized-bronze-statute-permanently-installed-white-house/,
supremepatriot.com,fake,bias,,,
TDTalliance.com,fake,,,http://www.politifact.com/punditfact/article/2017/apr/20/politifacts-guide-fake-news-websites-and-what-they/,
teaparty.org,fake,unreliable,,http://www.politifact.com/punditfact/article/2017/apr/20/politifacts-guide-fake-news-websites-and-what-they/,
thatviralfeed.net,fake,unreliable,,http://www.politifact.com/punditfact/article/2017/apr/20/politifacts-guide-fake-news-websites-and-what-they/,
the-insider.co,fake,,,http://www.politifact.com/punditfact/article/2017/apr/20/politifacts-guide-fake-news-websites-and-what-they/,
theamericanindependent.wordpress.com,fake,bias,,,
thebigriddle.com,fake,,,http://www.politifact.com/punditfact/article/2017/apr/20/politifacts-guide-fake-news-websites-and-what-they/,
thebostontribune.com,fake,,,,
thecommonsenseshow.com,fake,conspiracy,,,
thecontroversialfiles.net,fake,clickbait, ,,
thefreepatriot.org,fake,bias,clickbait,,
theinternetpost.net,fake,,,http://www.politifact.com/punditfact/article/2017/apr/20/politifacts-guide-fake-news-websites-and-what-they/,
thelastgreatstand.com,fake,conspiracy,bias,,
themoralofthestory.us,fake,,,http://www.politifact.com/punditfact/article/2017/apr/20/politifacts-guide-fake-news-websites-and-what-they/,
thenet24h.com,fake,,,http://www.politifact.com/punditfact/article/2017/apr/20/politifacts-guide-fake-news-websites-and-what-they/,
thenewyorkevening.com,fake,,,http://www.politifact.com/punditfact/article/2017/apr/20/politifacts-guide-fake-news-websites-and-what-they/,
theracketreport.com,fake,satire,,"I can't find disclaimers, but I think it's satirical ",
thereporterz.com,fake,,,,
therightscoop.com,fake,clickbait,,"no authors, no history, no about us, unverifiable data, etc.",
thetrumpmedia.com,fake,,,http://www.politifact.com/punditfact/article/2017/apr/20/politifacts-guide-fake-news-websites-and-what-they/,
thetruthdivision.com,fake,bias,,,
thetruthseeker.co.uk,fake,conspiracy,junksci,ex: NY orchestrated the asian tsunami in 2008!,
theusa-news.com,fake,,,http://www.politifact.com/punditfact/article/2017/apr/20/politifacts-guide-fake-news-websites-and-what-they/,
thewashingtonpress.com,fake,,,http://www.politifact.com/punditfact/article/2017/apr/20/politifacts-guide-fake-news-websites-and-what-they/,
threepercenternation.com,fake,conspiracy,bias,,
times.com.mx,fake,,,http://www.politifact.com/punditfact/article/2017/apr/20/politifacts-guide-fake-news-websites-and-what-they/,
tmzworldnews.com,fake,,,http://www.politifact.com/punditfact/article/2017/apr/20/politifacts-guide-fake-news-websites-and-what-they/,
trueamericans.me,fake,,,http://www.politifact.com/punditfact/article/2017/apr/20/politifacts-guide-fake-news-websites-and-what-they/,
truetrumpers.com,fake,,,http://www.politifact.com/punditfact/article/2017/apr/20/politifacts-guide-fake-news-websites-and-what-they/,
trumpvision365.com,fake,,,,
undergroundnewsreport.com,fake,,,http://www.politifact.com/punditfact/article/2017/apr/20/politifacts-guide-fake-news-websites-and-what-they/,
undergroundworldnews.com,fake,conspiracy,bias,,
unitedmediapublishing.com,fake,,,,
universepolitics.com,fake,,,http://www.politifact.com/punditfact/statements/2017/jan/03/universe-politics/fake-news-michigan-gop-elector-didnt-choose-suicid/,
usa-radio.com,fake,,,http://www.politifact.com/punditfact/article/2017/apr/20/politifacts-guide-fake-news-websites-and-what-they/,
usa-television.com,fake,,,http://www.politifact.com/punditfact/article/2017/apr/20/politifacts-guide-fake-news-websites-and-what-they/,
usa2016elections.com,fake,,,no longer being updated,
usadailyinfo.com,fake,,,http://www.politifact.com/punditfact/article/2017/apr/20/politifacts-guide-fake-news-websites-and-what-they/,
usadailypolitics.com,fake,,,,
usadailytime.com,fake,,,"no satire disclaimer, http://usadailytime.com/breaking-mexico-closes-borders-usa-citizens/",
usadosenews.com,fake,,,http://www.politifact.com/punditfact/article/2017/apr/20/politifacts-guide-fake-news-websites-and-what-they/,
usafirstinformation.com,fake,,,http://www.politifact.com/punditfact/article/2017/apr/20/politifacts-guide-fake-news-websites-and-what-they/,
usahitman.com,fake,conspiracy,,,
usainfobox.com,fake,,,"can't find satire disclaimer, patently false",
usamagazinestudio.com,fake,,,,
usanewsflash.com,fake,bias,clickbait,,
usanewsinsider.com,fake,bias,clickbait,,
usanewspolitics.com,fake,,,,
usanewstoday.com,fake,,,http://www.politifact.com/punditfact/article/2017/apr/20/politifacts-guide-fake-news-websites-and-what-they/,
usaonlinepolitics.com,fake,clickbait,,no longer being updated,
usaphase.com,fake,bias,,,
usapolitics24hrs.com,fake,,,http://www.politifact.com/punditfact/article/2017/apr/20/politifacts-guide-fake-news-websites-and-what-they/,
usapoliticsnow.com,fake,bias,,,
usapoliticszone.com,fake,,,http://www.politifact.com/punditfact/article/2017/apr/20/politifacts-guide-fake-news-websites-and-what-they/,
usasnich.com,fake,,,http://www.politifact.com/punditfact/article/2017/apr/20/politifacts-guide-fake-news-websites-and-what-they/,
usasupreme.com,fake, ,,,
usatoday.com.co,fake,,,,
usatodaynews.me,fake,,,http://www.politifact.com/punditfact/article/2017/apr/20/politifacts-guide-fake-news-websites-and-what-they/,
usatwentyfour.com,fake,,,,
usconservativetoday.com,fake,,,,
usfanzone.com,fake,bias,,,
ushealthyadvisor.com,fake,conspiracy,junksci,,
ushealthylife.com,fake,,,http://www.politifact.com/punditfact/article/2017/apr/20/politifacts-guide-fake-news-websites-and-what-they/,
usinfonews.com,fake,,,http://www.politifact.com/punditfact/article/2017/apr/20/politifacts-guide-fake-news-websites-and-what-they/,
uspoliticslive.com,fake,bias,conspiracy,,
uspoln.com,fake,,,http://www.politifact.com/punditfact/article/2017/apr/20/politifacts-guide-fake-news-websites-and-what-they/,
uspostman.com,fake,,,http://www.politifact.com/punditfact/article/2017/apr/20/politifacts-guide-fake-news-websites-and-what-they/,
vigilantcitizen.com,fake,conspiracy,,,
viralactions.com,fake,,,http://www.politifact.com/punditfact/article/2017/apr/20/politifacts-guide-fake-news-websites-and-what-they/,
viralliberty.com,fake,bias,clickbait,,
voxtribune.com,fake,,,http://www.politifact.com/punditfact/article/2017/apr/20/politifacts-guide-fake-news-websites-and-what-they/,
washingtonfed.com,fake,,,http://www.politifact.com/punditfact/article/2017/apr/20/politifacts-guide-fake-news-websites-and-what-they/,
washingtonpost.com.co,fake,,,http://www.politifact.com/punditfact/article/2017/apr/20/politifacts-guide-fake-news-websites-and-what-they/,
webdaily.com,fake,conspiracy,bias,,
weeklyworldnews.com,fake,rumor,clickbait,pretty well known tabloid/fake news source,
worldpoliticsus.com,fake,,,website down,
worldrumor.com,fake,,,no longer being updated?,
worldstoriestoday.com,fake,,,no longer being updated?,
wtoe5news.com,fake,satire,,https://web.archive.org/web/20161115024211/http://wtoe5news.com/us-election/pope-francis-shocks-world-endorses-donald-trump-for-president-releases-statement/,
yesimright.com,fake,bias,,,
yourfunpage.com,fake,,,mostly links to rando YT videos,
worldpoliticsnow.com,fake ,,,http://www.politifact.com/punditfact/article/2017/apr/20/politifacts-guide-fake-news-websites-and-what-they/,
FarmWars.info,fake news,conspiracy,,"Much of the site is focused on anti-GMO conspiracies, with political conspiracies coming in as a close second. There are some apparent attempts to source some wild claims, but the use of unstable URLs-- intentionally or otherwise-- thwarts this.",
actforamerica.org/news,hate,,,https://www.splcenter.org/fighting-hate/extremist-files/groups,
adflegal.org/media,hate,,,https://www.splcenter.org/fighting-hate/extremist-files/groups,
americanborderpatrol.com,hate,,,https://www.splcenter.org/fighting-hate/extremist-files/groups,
amren.com,hate,conspiracy,,,
amren.com,hate,,,https://www.splcenter.org/fighting-hate/extremist-files/groups,
aryannationswordwide1488.org,hate,,,https://www.splcenter.org/fighting-hate/extremist-files/groups,
barenakedislam.com,hate,,,,
barnesreview.org,hate,,,https://www.splcenter.org/fighting-hate/extremist-files/groups,
bigbluevision.com,hate,,,,
centerforsecuritypolicy.org/#articles,hate,,,https://www.splcenter.org/fighting-hate/extremist-files/groups,
christianfightback.com,hate,bias,,,
creativitymovement.net/category/news/,hate,,,https://www.splcenter.org/fighting-hate/extremist-files/groups,
dailyken.com,hate,,,,
dailystormer.com,hate,conspiracy,bias,pretty well known neo-nazi site,
darkmoon.me,hate,bias,,,
davidduke.com,hate,,,,
drrichswier.com,hate,bias,,,
EUTimes.net,hate,conspiracy,,,
gatesofvienna.net,hate,conspiracy,,,
glaringhypocrisy.com,hate,conspiracy,,"references to ""Jew World Order""",
ihr.org,hate,,,https://www.splcenter.org/fighting-hate/extremist-files/groups,
libertyfederation.com,hate,,,,
nationalvanguard.org,hate,,,https://www.splcenter.org/fighting-hate/extremist-files/groups,
npiamerica.org,hate,bias,,white supremacist think tank,
returnofkings.com,hate,,,,
themuslimissue.wordpress.com,hate,conspiracy,,,
therightstuff.biz,hate,,,,
truthfeed.com,hate,bias,conspiracy,,
whitepower.com,hate,conspiracy,bias,,
AmericanKabuki.blogspot.com,junksci,,,,
ancient-code.com,junksci,unreliable,,,
checkoutthehealthyworld.com,junksci,clickbait,,,
collective-evolution.com,junksci,,,,
collectivelyconscious.net,junksci,conspiracy,,,
consciouslifenews.com,junksci, ,,,
dineal.com,junksci,,,,
ewao.com,junksci,,,,
ExperimentalVaccines.org,junksci,conspiracy,,,
foodbabe.com,junksci,,,,
galacticconnection.com,junksci,,,,
geoengineeringwatch.org,junksci,conspiracy,,,
GreenMedInfo.com,junksci,,,,
healthimpactnews.com,junksci,bias,,,
healthnutnews.com,junksci,,,,
healthy-holistic-living.com,junksci,clickbait,,,
icr.org,junksci,,,,
in5d.com,junksci,,,,
lifeprevention.com,junksci,,,,
naturalblaze.com,junksci,conspiracy,,,
naturalnews.com,junksci,conspiracy,,,
naturalnewsblogs.com,junksci,,,,
rawforbeauty.com,junksci,,,,
realfarmacy.com,junksci,conspiracy,,,
realplanetnews.com,junksci,,,,
responsibletechnology.org,junksci,,,,
revolutions2040.com,junksci,clickbait,,,
thetruthaboutcancer.com,junksci,,,,
TheTruthWins.com,junksci,conspiracy,clickbait,,
wakingtimes.com,junksci,,,,
whydontyoutrythis.com,junksci,rumor,,,
worldwidehealthy.com,junksci,clickbait,,,
dailyleak.org,satire,fake,,,
advocate.com,political,reliable,,,
alternet.org,political,reliable,,,
americannewsx.com,political,bias,satire,,
americanprogress.org,political,reliable,,,
attn.com,political,clickbait,,,
baptistnews.com,political,,,circulates generally reliable information from a p.o.v. but not at the expense of informational integrity ,
breitbart.com,political,unreliable,bias,,
cato.org/blog,political,reliable,,,
chroniclesmagazine.org,political,,,"from what I gather, like the opposite of Jacobin (paleoconservative) ",
city-journal.org,political,,,,
commentarymagazine.com,political,,,,
commondreams.org,political,clickbait,,,
conservativereview.com,political,,,,
countercurrents.org,political,unreliable,,This site is pretty explicit about it's p.o.v. and is coming from a political perspective but doesn't fit under how we are defining 'bias',
counterinformation.wordpress.com,political,,,,
counterpunch.com,political,,,explicit POV - legit authors,
counterpunch.org,political,,,explicit POV - legit authors,
dailycaller.com,political,clickbait,bias,a weird mix of info. they link to extremely biased sites (as sources) and more reliable/balanced sources,
dailykos.com,political,clickbait, ,,
davidstockmanscontracorner.com,political,,,,
DeadLineLive.info,political,conspiracy,,,
dennismichaellynch.com,political,,,,
dissentmagazine.org,political,,,,
drudgereport.com,political,bias,,,
economicnoise.com,political,unreliable,,"sites some problematic sources, like CNS news",
ecowatch.com,political,,,"this site claims junksci, but I read over a dozen articles w/o finding any. probably should re-check soon https://mediabiasfactcheck.com/ecowatch/",
Emptywheel.net,political,,,commentary on current events/news,
filmsforaction.org,political,,,,
foreignpolicyjournal.com,political,,,legit source coming from a political perspective,
freedomworks.org,political,,,,
fusion.net,political,reliable,,website contains some satire ,
geopolmonitor.com,political,,,this website is tricky (in terms of writers using some interesting frames/language). def could use a second analysis.,
guardianlv.com,political,,,,
heritage.org,political,,,,
ijr.com,political,bias,unreliable,,
jackpineradicals.com,political,,,left wing discussion site,
jacobinmag.com,political,,,,
judicialwatch.org,political,,,,
mintpressnews.com,political,,,legit source form a political perspective,
mrc.org,political,bias,,,
nakedcapitalism.com,political,,,"commentary on finance, economics, politics and power",
nationalreview.com,political,,,,
newcoldwar.org,political,,,"contains statement that site authors are ""independent, but not non-partisan"" (anti-war (Ukraine))",
newscorpse.com,political, , ,http://www.newscorpse.com/ncWP/?p=34163,
oann.com,political,reliable,,,
observer.com,political,,,"vacillates between some pieces that are ""bias"" and others that are ""reliable""",
OCCUPY.com,political,,,,
pjmedia.com,political,bias,,"https://mediabiasfactcheck.com/pj-media/ ;  https://pjmedia.com/about-us (ground zero mosque, 'doctored climate change data')",
presidentialvoting2016.com,political,bias,unreliable,,
proudemocrat.com,political,,,,
rawstory.com,political,clickbait,,,
redstate.com,political,clickbait,,,
resistancereport.com,political,unreliable,,http://www.politifact.com/personalities/resistance-report/,
rinf.com,political,,,,
ronpaulinstitute.org,political,,,,
ruptly.tv,political,,,owned by RT,
theblaze.com,political,clickbait,,,
thedailybeast.com,political,,,,
thefifthcolumnnews.com,political,,,,
theintercept.com,political,,,,
thinkprogress.org,political,,,,
TomWoods.com,political,unrealiable,,,
washingtonexaminer.com,political,unreliable, ,,
weeklystandard.com,political,bias,,,
yellowhammernews.com,political,,,,
christianpost.com,reliable,political,,,
consortiumnews.com,reliable,,,The authors on this website are pretty reliable and the articles appear well researched,
nutritionfacts.org,reliable,,,"I read through several articles and the sources cited, and appears ok (maybe sometimes a little sensational... so if anyone has specific knowledge of this site and/or good examples of problems, feel free to link them here)",
americantoday.news,rumor,bias,,,
amtvmedia.com,rumor,unreliable,,,
bigbluedimension.com,rumor,bias,,,
christiantimesnewspaper.com,rumor,bias,fake,https://www.nytimes.com/2017/01/18/us/fake-news-hillary-clinton-cameron-harris.html?_r=1&mtrref=t.co&gwh=1CC9755BA757D7782D8A46A6F6FBF22E&gwt=pay,
express.co.uk,rumor,,,well-known tabloid,
loanpride.com,rumor,clickbait,,http://loanpride.com/obama-family-divorce-attorney-quit-smoking-tips/?utm_source=revcontent&utm_medium=56198&utm_term=conservative%20news&utm_content=1770992&utm_campaign=234718&utm_widget_id=56198,
magafeed.com,rumor,bias,fake,"""god/emperor"" category for trump",
mediazone.news,rumor,unreliable,,,
megafreshnews.com,rumor,,,,
newswire-24.com,rumor,unreliable,,,
pollhype.com,rumor ,clickbait,bias,,
abriluno.com,satire,fake,,,
aceflashman.wordpress.com,satire,,,,
actualidadpanamericana.com,satire,,,http://www.politifact.com/punditfact/article/2017/apr/20/politifacts-guide-fake-news-websites-and-what-they/,
adobochronicles.com,satire,,,,
associatedmediacoverage.com,satire,,,,
awazetribune.com,satire,,,,
beehivebugle.com,satire,,,,
betootaadvocate.com,satire,,,,
bigamericannews.com,satire,fake,,,
borowitzreport.com,satire,,,,
bostontribune.com,satire,fake,,http://www.politifact.com/punditfact/article/2017/apr/20/politifacts-guide-fake-news-websites-and-what-they/,
burrardstreetjournal.com,satire,,,,
callthecops.net,satire,,,,
celebtricity.com,satire,,,,
chaser.com.au,satire,,,,
christwire.org,satire,,,, 
chronicle.su,satire, ,,,
clickhole.com,satire,,,,
creambmp.com,satire,fake,,,
crystalair.com,satire,,,redirects to http://www.cap-news.com/,
dailycurrant.com,satire,,,,
dailydiscord.com,satire,,,,
dailysnark.com,satire,,,http://www.politifact.com/punditfact/article/2017/apr/20/politifacts-guide-fake-news-websites-and-what-they/,
dailysquib.co.uk,satire,,,,
dandygoat.com,satire,,,,
der-postillon.com,satire,,,German language site,
derfmagazine.com,satire,,,,
disclose.tv,satire,conspiracy,,,
diversitychronicle.wordpress.com,satire,,,self-labled: https://diversitychronicle.wordpress.com/disclaimer/ ,
duffleblog.com,satire,,,,
duhprogressive.com,satire,,,,
elkoshary.com,satire,,,About Me notes that it's not fake/satirical news,
elmundotoday.com,satire,,,About Me notes that it's not fake/satirical news,
empiresports.co,satire,,,About Me notes that it's not fake/satirical news,
empiresports.co,satire,,,http://www.politifact.com/punditfact/article/2017/apr/20/politifacts-guide-fake-news-websites-and-what-they/,
fmobserver.com,satire,,,,
fognews.ru,satire,,,site contains satire disclaimer,
freepatriot.org,satire,,,site contains satire disclaimer ,
freewoodpost.com,satire,,,,
fridaymash.com,satire,,,,
glossynews.com,satire,,,,
gomerblog.com,satire,,,site contains satire disclaimer ,
holyobserver.com,satire,,,,
humortimes.com,satire,,,,
huzlers.com,satire,,,,
ironictimes.com,satire,,,,
islamicanews.com,satire,,,,
johnnyrobish.com,satire,,,,
landoverbaptist.org,satire,,,,
liberalbias.com,satire,,,,
liberaldarkness.com,satire,fake,,,
lushforlife.com,satire,,,,
nahadaily.com,satire,,,,
nationalreport.net,satire,fake,,,
ncscooper.com,satire,,,,
newsbiscuit.com,satire,,,http://www.newsbiscuit.com/about/disclaimer/ ,
newsbreakers.org,satire,,,,
newsmutiny.com,satire,fake,,,
newsthump.com,satire,,,site contains satire disclaimer,
newstoad.net,satire,,,Tagline: The news they don't want you to hear. Because it isn't true.,
newyorker.com/humor,satire,,,,
objectiveministries.org,satire,,,,
patriotnewsdaily.com,satire,,,,
politicops.com,satire,fake,,redirects to Newslo,
politicot.com,satire,fake,,redirects to Newslo,
reductress.com,satire,,,,
religionlo.com,satire,,,http://www.politifact.com/punditfact/article/2017/apr/20/politifacts-guide-fake-news-websites-and-what-they/,
rockcitytimes.com,satire,,,,
satiratribune.com,satire,,,,
satirewire.com,satire,,,,
scrappleface.com,satire,,,,
sensationalisttimes.com,satire,,,,
speld.nl,satire,,,,
sportspickle.com,satire,,,,
stneotscitizen.com,satire,,,,
stuppid.com,satire,,,,
surrealscoop.com,satire,,,,
thebeaverton.com,satire,,,,
thedailymash.co.uk,satire,,,,
thedailywtf.com,satire,,,,
thehardtimes.net,satire,,,,
theineptowl.com,satire,,,,
thelastlineofdefense.org,satire,,,http://thelastlineofdefense.org/about-us/,
themadisonmisnomer.com,satire,,,,
themideastbeast.com,satire,,,http://www.themideastbeast.com/about/,
thenewsnerd.com,satire,,,,
theonion.com,satire,,,,
thepoke.co.uk,satire,,,,
therightists.com,satire, ,,publishes both biased and fake content,
theseattletribune.com,satire,,,http://www.politifact.com/punditfact/article/2017/apr/20/politifacts-guide-fake-news-websites-and-what-they/,
theshovel.com.au,satire,,,,
theskunk.org,satire,,,,
thespoof.com,satire,,,,
thestatelyharold.com,satire,,,,
thetimesoftheworld.com,satire,,,,
theunrealtimes.com,satire,,,,
theuspatriot.com,satire,fake,,,
thevalleyreport.com,satire,,,,
topekasnews.com,satire,,,,
unconfirmedsources.com,satire,,,,
us.blastingnews.com,satire,unreliable,,,
waterfordwhispersnews.com,satire,,,,
WilliamBanzai7.blogspot.com,satire,,,,
winkprogress.com,satire,,,,
witscience.org,satire,,,,
wonkie.com,satire,,,,
worldnewsdailyreport.com,satire,,,,
wundergroundmusic.com,satire,,,,
www.rt.com,state,,,,
aanirfan.blogspot.co.uk,unreliable,,,0,
Acting-Man.com,unreliable,conspiracy,,publishes articles denying climate change,
ahtribune.com,unreliable,bias,,,
allnewspipeline.com,unreliable,conspiracy,,,
anonews.co,unreliable,,,,
anonhq.com,unreliable,,,,
anonnews.co,unreliable,,,,
asia-pacificresearch.com,unreliable,satire,,,
AutomaticEarth.com,unreliable,,,links to MSM sources and unreliable sources,
awm.com,unreliable,bias,clickbait,,
blackagendareport.com,unreliable,,,anon submissions,
Boilingfrogspost.com,unreliable,,,"links to natural news, blacklist news, some conspiracy sites",
breakpoint.org,unreliable,,,,
bvanews.com,unreliable,bias,fake,seems like a combination of totally fake and unreliable reports of 'real' news,
cnnnext.com,unreliable,,,basically an RT video channel,
CNSNews.com,unreliable,bias,,The news arm of Media Research Center (a conservative org that is frequently criticized for use of selective evidence) ,
coasttocoastam.com,unreliable,,,,
conservativeoutfitters.com,unreliable,clickbait,,,
DaveJanda.com,unreliable,,,,
dcleaks.com,unreliable,,,,
FinancialSurvivalNetwork.com,unreliable,bias,,,
guccifer2.wordpress.com,unreliable,,,,
ifyouonlynews.com,unreliable,satire,,,
jewsnews.co.il,unreliable,bias,fake,,
libertynews.com,unreliable,bias,,,
Mad-Yet.blogspot.com,unreliable,,,"links to real news stories, but also some questionable/decontextualized images",
madpatriots.com,unreliable,clickbait,,,
madworldnews.com,unreliable,hate,,,
madworldnews.com,unreliable,clickbait,,,
morningledger.com,unreliable,conspiracy,,,
morningnewsusa.com,unreliable,,,"stories seem to originate from real news, but are somewhat clickbait-y and sources are not cited",
nevo.news,unreliable,bias,,,
newcenturytimes.com,unreliable,bias,,,
Newsmax.com,unreliable,bias,,,
northcrane.com,unreliable,,,,
NutritionalAnarchy.com,unreliable,,,,
politicalears.com,unreliable,clickbait,,,
politicsintheusa.com,unreliable,bias,,,
powerpoliticians.com,unreliable,,,,
shareblue.com,unreliable,political,bias,My analysis is similar to this site: https://mediabiasfactcheck.com/shareblue/,
SovereignMan.com,unreliable,,,,
theantimedia.org,unreliable,bias,conspiracy,ex: http://theantimedia.org/cdc-admits-ebola-airborne/,
theduran.com,unreliable,,,,
thefreethoughtproject.com,unreliable,conspiracy,clickbait,,
thegoldandoilguy.com/articles,unreliable,,,,
theinformedamerican.net,unreliable,,,,
thelibertymill.com,unreliable,bias,conspiracy,,
usdefensewatch.com,unreliable,,,,
usviewer.com,unreliable,fake, ,"basically copy/pastes parts of actual reuters stories, no authors listed or publication info",
veteransnewsnow.com,unreliable,political,,"I read sample articles and didn't find inaccuracy, but the language is strong/loaded",
WallStreetOnParade.com,unreliable,,,mostly linking/commenting on both news and other sources.,
weaselzippers.us,unreliable,bias,,copies/pastes quotes/bits from news orgs and other questionable sites,
whowhatwhy.com,unreliable,,,,
wikileaks.com,unreliable, , ,https://www.nytimes.com/2017/03/09/opinion/the-truth-about-the-wikileaks-cia-cache.html?_r=0,
wikileaks.org,unreliable, ,,Increasingly wikileaks is being accused of spreading misinformation, 
WolfStreet.com,unreliable,,,,